sku,post_status,post_title,tags,stock,product_gallery,post_content,post_excerpt,category,manage_stock,stock_status,backorders,regular_price,weight,length,width,height,tax_status,tax_class,visibility,featured,featured_image,shipping_class,comment_status,ping_status,menu_order,change_stock,post_author
1004,private,1-10 Counting Owls Activity,Learning Resources,1,1_10_counting_owls_activity_2.jpg,Counting,,Math,yes,instock,yes,1,1,3,4,5,none,,visible,no,1_10_counting_owls_activity_1.jpg,,open,open,,,dirkhonda
1005,public,1st Grade Vocabulary Cards,Learning Resources,1,1st_grade_vocabulary_cards_2.jpg|1st_grade_vocabulary_cards_3.jpg|1st_grade_vocabulary_cards_4.jpg,Vocabulary,,Language Arts,yes,instock,yes,1,1,3,4,5,none,,visible,no,1st_grade_vocabulary_cards_1.jpg,,open,open,,,dirkhonda
1006,public,6 Card Games Set,Brighter Child,1,6_card_games_set_2.jpg|6_card_games_set_3.jpg|6_card_games_set_4.jpg|6_card_games_set_5.jpg|6_card_games_set_6.jpg,,,Strategy,yes,instock,yes,1,1,3,4,5,none,,visible,no,6_card_games_set_1.jpg,,open,open,,,dirkhonda
1009,public,Activity Dollar,Miniland,2,activity_dollar_2.jpg,Currency Games,,Math,yes,instock,yes,1,1,3,4,5,none,,visible,no,activity_dollar_1.jpg,,open,open,,,dirkhonda
1010,public,Activity Lacing,Miniland,2,activity_lacing_2.jpg,Manual Dexterity,,Science,yes,instock,yes,1,1,3,4,5,none,,visible,no,activity_lacing_1.jpg,,open,open,,,dirkhonda
1012,public,Alphabet Go Fish,Peaceable Kingdom,1,alphabet_go_fish_2.jpg,Alphabet,,Language Arts,yes,instock,yes,1,1,3,4,5,none,,visible,no,alphabet_go_fish_1.jpg,,open,open,,,dirkhonda
1013,public,Alphabet Sequencing Puzzle,Lakeshore Learning,2,alphabet_sequencing_puzzle_2.jpg,Alphabet,,Language Arts,yes,instock,yes,1,1,3,4,5,none,,visible,no,alphabet_sequencing_puzzle_1.jpg,,open,open,,,dirkhonda
1014,public,Alphabet Train Puzzle,Melissa & Doug,1,,Alphabet,,Language Arts,yes,instock,yes,1,1,3,4,5,none,,visible,no,alphabet_train_puzzle_1.jpg,,open,open,,,dirkhonda
1015,public,Amazing Animals Now I'm Reading,Nora Gaydos,1,amazing_animals_now_i_m_reading_2.jpg,"Set of 10 books, Level 2 Beginner",,Reading,yes,instock,yes,1,1,3,4,5,none,,visible,no,amazing_animals_now_i_m_reading_1.jpg,,open,open,,,dirkhonda
1016,public,Angles Flash Cards - Geometry,Learning Advantage,2,angles_flash_cards_geometry_2.jpg,Geometry Angles Flash Cards,,Math,yes,instock,yes,1,1,3,4,5,none,,visible,no,angles_flash_cards_geometry_1.jpg,,open,open,,,dirkhonda
1017,public,Animal Antics Now I'm Reading,Nora Gaydos,2,animal_antics_now_i_m_reading_2.jpg,"Set of 10 books, Level 1 Beginner",,Reading,yes,instock,yes,1,1,3,4,5,none,,visible,no,animal_antics_now_i_m_reading_1.jpg,,open,open,,,dirkhonda
1018,public,Animal Coverings,Carson Dellosa,1,animal_coverings_2.jpg|animal_coverings_3.jpg|animal_coverings_4.jpg,Animal Coverings,,Science,yes,instock,yes,1,1,3,4,5,none,,visible,no,animal_coverings_1.jpg,,open,open,,,dirkhonda
1019,public,Animal Habitats,Carson Dellosa,1,animal_habitats_2.jpg|animal_habitats_3.jpg|animal_habitats_4.jpg,Animal Habitats,,Science,yes,instock,yes,1,1,3,4,5,none,,visible,no,animal_habitats_1.jpg,,open,open,,,dirkhonda
1020,public,Animal Logic,Fat Brain Toys,1,animal_logic_2.jpg,Logic Puzzle Game,,Strategy,yes,instock,yes,1,1,3,4,5,none,,visible,no,animal_logic_1.jpg,,open,open,,,dirkhonda
1023,public,Back in Time Dinosaur Counters,Learning Resources,1,back_in_time_dinosaur_counters_2.jpg,"Counting, Classifying, Colors, Patterns",,Math,yes,instock,yes,1,1,3,4,5,none,,visible,no,back_in_time_dinosaur_counters_1.jpg,,open,open,,,dirkhonda
1024,public,Batman Phonics Fun I Can Read,Scholastic,2,batman_phonics_fun_i_can_read_2.jpg,"Batman Phonics Fun includes 12 action packed stories with a focus on short and long vowel sounds that assist the kids in identifying the auditory difference between the two.  This skill will become valuable as they understand how words are spelled and decoded.  We recommend that a parent reads these stories to their child first, asking the child to simply identify if a main word is an example of a short or long vowel sound.  The main words are not high frequency words, but again used to illustrate long or short vowel sounds therefore some early readers may become frustrated if they think they are supposed to recognize the words.  Make sure they know that is not the skill you are working on. ",,Reading,yes,instock,yes,1,1,3,4,5,none,,visible,no,batman_phonics_fun_i_can_read_1.jpg,,open,open,,,dirkhonda
1025,public,Bee on Time,Carson Dellosa,1,bee_on_time_2.jpg|bee_on_time_3.jpg,Telling Time Game,,Math,yes,instock,yes,1,1,3,4,5,none,,visible,no,bee_on_time_1.jpg,,open,open,,,dirkhonda
1027,public,Beginning Sounds Match Ups,Lakeshore Learning,1,,,,Language Arts,yes,instock,yes,1,1,3,4,5,none,,visible,no,beginning_sounds_match_ups_1.jpg,,open,open,,,dirkhonda
1028,public,Beginning Sounds Phonics Train,Lakeshore Learning,1,beginning_sounds_phonics_train_2.jpg,Phonics Skill Building,,Language Arts,yes,instock,yes,1,1,3,4,5,none,,visible,no,beginning_sounds_phonics_train_1.jpg,,open,open,,,dirkhonda
1029,public,Biscuit More Phonics Fun I Can Read,Scholastic,4,biscuit_more_phonics_fun_i_can_read_2.jpg,Biscuit and his animal friends will continue to entertain the youngest of readers with this 12 set collection.  Each book is broken down into a focus on a long or short vowel sound to assist in auditory recognition of each.  The short one sentence per page format is also very inviting to new emerging readers. A Parent's Guide is included.,,Reading,yes,instock,yes,1,1,3,4,5,none,,visible,no,biscuit_more_phonics_fun_i_can_read_1.jpg,,open,open,,,dirkhonda
1030,public,Biscuit Phonics Fun I Can Read,Scholastic,2,biscuit_phonics_fun_i_can_read_2.jpg,What kid doesn't love puppies and their animal friends?  You can be sure they will love this 12 set collection.  Each book is broken down into a focus on a long or short vowel sound to assist in auditory recognition of each.  The short one sentence per page format is also very inviting to new emerging readers. A Parent's Guide is included.,,Reading,yes,instock,yes,1,1,3,4,5,none,,visible,no,biscuit_phonics_fun_i_can_read_1.jpg,,open,open,,,dirkhonda
1032,public,Blast off With Punctuation,Carson Dellosa,1,blast_off_with_punctuation_2.jpg|blast_off_with_punctuation_3.jpg,punctuation game,,Language Arts,yes,instock,yes,1,1,3,4,5,none,,visible,no,blast_off_with_punctuation_1.jpg,,open,open,,,dirkhonda
1033,public,Blast Off With Rhymes,Carson Dellosa,1,blast_off_with_rhymes_2.jpg,Rhyming Words,,Language Arts,yes,instock,yes,1,1,3,4,5,none,,visible,no,blast_off_with_rhymes_1.jpg,,open,open,,,dirkhonda
1034,public,Blends,Lakeshore Learning,1,blends_2.jpg,Blends,,Language Arts,yes,instock,yes,1,1,3,4,5,none,,visible,no,blends_1.jpg,,open,open,,,dirkhonda
1036,public,Building Equivalency Center,Lakeshore Learning,1,building_equivalency_center_2.jpg,Fraction Equivalency,,Math,yes,instock,yes,1,1,3,4,5,none,,visible,no,building_equivalency_center_1.jpg,,open,open,,,dirkhonda
1037,public,Camouflage,Carson Dellosa,1,camouflage_2.jpg|camouflage_3.jpg|camouflage_4.jpg,Camouflage,,Science,yes,instock,yes,1,1,3,4,5,none,,visible,no,camouflage_1.jpg,,open,open,,,dirkhonda
1038,public,Can Do Numbers & Counting,Lakeshore Learning,1,can_do_numbers_counting_2.jpg,"Numbers, Counting",,Math,yes,instock,yes,1,1,3,4,5,none,,visible,no,can_do_numbers_counting_1.jpg,,open,open,,,dirkhonda
1040,public,Capture the Flag,Lakeshore Learning,1,capture_the_flag_2.jpg,Reading Comprehension Level 2,,Language Arts,yes,instock,yes,1,1,3,4,5,none,,visible,no,capture_the_flag_1.jpg,,open,open,,,dirkhonda
1042,public,Cauldron Quest,Peaceable Kingdom,1,cauldron_quest_2.jpg,"Cooperative, Strategy",,Reading,yes,instock,yes,1,1,3,4,5,none,,visible,no,cauldron_quest_1.jpg,,open,open,,,dirkhonda
1043,public,Cause & Effect,Edupress,1,cause_effect_2.jpg|cause_effect_3.jpg,,,Language Arts,yes,instock,yes,1,1,3,4,5,none,,visible,no,cause_effect_1.jpg,,open,open,,,dirkhonda
1044,public,Cause & Effect Activity,Lakeshore Learning,1,cause_effect_activity_2.jpg|cause_effect_activity_3.jpg|cause_effect_activity_4.jpg,"This three part activity set is a fun hands on way to teach the concept of cause and effect. Using common household items like paper, scissors and glue your kids will design visual displays of their interpretation of how events unfold in a book of their choice.   They will learn to identify why an event occurred, how did the characters react to an event, how did the characters reaction to events shape the outcome of the story?  These activities together really develop the concept of becoming an active reader that examines the text for details.",,Language Arts,yes,instock,yes,1,1,3,4,5,none,,visible,no,cause_effect_activity_1.jpg,,open,open,,,dirkhonda
1045,public,Change A Sound Flip Books,Lakeshore Learning,1,change_a_sound_flip_books_2.jpg,,,Language Arts,yes,instock,yes,1,1,3,4,5,none,,visible,no,change_a_sound_flip_books_1.jpg,,open,open,,,dirkhonda
1047,public,Character Analysis Activity,Lakeshore Learning,1,character_analysis_activity_2.jpg|character_analysis_activity_3.jpg|character_analysis_activity_4.jpg,"Character analysis is the ability to describe and understand how a character in the text may look, feel, or act.  It is also the skill that leads to an understanding of how a character's personality or experiences may shape their motives and future actions.  This set includes 3 hands on, visual activities that can be completed using paper, scissors, glue sticks, crayons and a pencil. ",,Language Arts,yes,instock,yes,1,1,3,4,5,none,,visible,no,character_analysis_activity_1.jpg,,open,open,,,dirkhonda
1049,public,Climate,Carson Dellosa,1,climate_2.jpg|climate_3.jpg|climate_4.jpg,Climate,,Science,yes,instock,yes,1,1,3,4,5,none,,visible,no,climate_1.jpg,,open,open,,,dirkhonda
1050,public,Clumsy Thief,Melon Rind,1,clumsy_thief_2.jpg|clumsy_thief_3.jpg,Money,,Math,yes,instock,yes,1,1,3,4,5,none,,visible,no,clumsy_thief_1.jpg,,open,open,,,dirkhonda
1051,public,Coin Quest,Carson Dellosa,1,coin_quest_2.jpg|coin_quest_3.jpg,Counting Coin Values Game,,Math,yes,instock,yes,1,1,3,4,5,none,,visible,no,coin_quest_1.jpg,,open,open,,,dirkhonda
1052,public,Color & Shape Puzzle,Ryan's Room,2,,"Colors, Shapes",,Language Arts,yes,instock,yes,1,1,3,4,5,none,,visible,no,color_shape_puzzle_1.jpg,,open,open,,,dirkhonda
1053,public,Compare & Contrast Activity,Lakeshore Learning,1,compare_contrast_activity_2.jpg|compare_contrast_activity_3.jpg|compare_contrast_activity_4.jpg,"To compare and contrast is the ability to see how two or more things are the same and how they differ.  You can compare and contrast events, settings, ideas, characters or even 2 stories.  This set includes 3 hands on activities that assist your child in effectively walking through this skill set. Materials needed include paper and pencil.",,Language Arts,yes,instock,yes,1,1,3,4,5,none,,visible,no,compare_contrast_activity_1.jpg,,open,open,,,dirkhonda
1054,public,Compound Word Orchard,Carson Dellosa,1,compound_word_orchard_2.jpg|compound_word_orchard_3.jpg,Compound Words,,Language Arts,yes,instock,yes,1,1,3,4,5,none,,visible,no,compound_word_orchard_1.jpg,,open,open,,,dirkhonda
1055,public,Context Clues,Edupress,1,context_clues_2.jpg,Context Clues for Comprehension Cards,,Language Arts,yes,instock,yes,1,1,3,4,5,none,,visible,no,context_clues_1.jpg,,open,open,,,dirkhonda
1056,public,Count & Color,Learning Resources,1,count_color_2.jpg,"Counting, Colors",,Math,yes,instock,yes,1,1,3,4,5,none,,visible,no,count_color_1.jpg,,open,open,,,dirkhonda
1057,public,Count On Park Game,Lakeshore Learning,2,count_on_park_game_2.jpg,Counting,,Math,yes,instock,yes,1,1,3,4,5,none,,visible,no,count_on_park_game_1.jpg,,open,open,,,dirkhonda
1060,public,Countries of The World,Professor Noggin's,1,countries_of_the_world_2.jpg|countries_of_the_world_3.jpg,Card Game,,Reading,yes,instock,yes,1,1,3,4,5,none,,visible,no,countries_of_the_world_1.jpg,,open,open,,,dirkhonda
1062,public,Cross Section Brain Model,Learning Resources,1,cross_section_brain_model_2.jpg|cross_section_brain_model_3.jpg,Model of Brain,,Science,yes,instock,yes,1,1,3,4,5,none,,visible,no,cross_section_brain_model_1.jpg,,open,open,,,dirkhonda
1063,public,Cross Section Human Eye Model,Learning Resources,1,,Model of Human Eye,,Science,yes,instock,yes,1,1,3,4,5,none,,visible,no,cross_section_human_eye_model_1.jpg,,open,open,,,dirkhonda
1064,public,Cupcake Checkers,Peaceable Kingdom,1,cupcake_checkers_2.jpg,Strategy,,Strategy,yes,instock,yes,1,1,3,4,5,none,,visible,no,cupcake_checkers_1.jpg,,open,open,,,dirkhonda
1065,public,Curious George Curious About Phonics,Scholastic,1,curious_george_curious_about_phonics_2.jpg,"Curious George is always ready for fun in this 12 set collection which includes a parent guide as well.  This is an early reader set which includes short, 1 to 2 sentences per page and includes many high frequency words to enhance the reading skills of new readers.",,Reading,yes,instock,yes,1,1,3,4,5,none,,visible,no,curious_george_curious_about_phonics_1.jpg,,open,open,,,dirkhonda
1066,public,Data & Graphing Instant Learning Center,Lakeshore Learning,1,data_graphing_instant_learning_center_2.jpg,Data and Graphing,,Math,yes,instock,yes,1,1,3,4,5,none,,visible,no,data_graphing_instant_learning_center_1.jpg,,open,open,,,dirkhonda
1068,public,Decoding Flash Cards,Junior Learning,3,,,,Language Arts,yes,instock,yes,1,1,3,4,5,none,,visible,no,decoding_flash_cards_1.jpg,,open,open,,,dirkhonda
1069,public,Demonstration Clock,Learning Resources,2,,,,Reading,yes,instock,yes,1,1,3,4,5,none,,visible,no,demonstration_clock_1.jpg,,open,open,,,dirkhonda
1070,public,Digging for Nouns & Verbs,Carson Dellosa,1,digging_for_nouns_verbs_2.jpg|digging_for_nouns_verbs_3.jpg,nouns and verbs game,,Language Arts,yes,instock,yes,1,1,3,4,5,none,,visible,no,digging_for_nouns_verbs_1.jpg,,open,open,,,dirkhonda
1072,public,Diving for Digraphs,Carson Dellosa,1,diving_for_digraphs_2.jpg|diving_for_digraphs_3.jpg,vowel diagraphs game,,Language Arts,yes,instock,yes,1,1,3,4,5,none,,visible,no,diving_for_digraphs_1.jpg,,open,open,,,dirkhonda
1075,public,Dressing for Weather,Carson Dellosa,1,dressing_for_weather_2.jpg|dressing_for_weather_3.jpg|dressing_for_weather_4.jpg,Dressing for Weather,,Science,yes,instock,yes,1,1,3,4,5,none,,visible,no,dressing_for_weather_1.jpg,,open,open,,,dirkhonda
1077,public,Fact & Opinion Activity,Lakeshore Learning,1,,"Help instill a strong understanding of the difference between fact and opinion statements in text with these three fun activities.  These activities are hands on, visual ways of having a child display their understanding of the fact vs. opinion concept.  Using paper, crayons, and pencils all activities can be completed simply.",,Language Arts,yes,instock,yes,1,1,3,4,5,none,,visible,no,fact_opinion_activity_1.jpg,,open,open,,,dirkhonda
1078,public,Fact & Opinion Bingo,Lakeshore Learning,1,fact_opinion_bingo_2.jpg,"Fact, Opinion ",,Language Arts,yes,instock,yes,1,1,3,4,5,none,,visible,no,fact_opinion_bingo_1.jpg,,open,open,,,dirkhonda
1079,public,Fact or Opinion,Edupress,1,fact_or_opinion_2.jpg|fact_or_opinion_3.jpg,Reading Comprehension Practice Cards,,Language Arts,yes,instock,yes,1,1,3,4,5,none,,visible,no,fact_or_opinion_1.jpg,,open,open,,,dirkhonda
1080,public,Fancy Nancy's Fantastic Phonics,I Can Read,1,fancy_nancy_s_fantastic_phonics_2.jpg,Fancy Nancy transports your youngster into a world of whimsy with this 12 set collection.  Each book is broken down into a focus on a long or short vowel sound to assist in auditory recognition of each.  The short one sentence per page format is also very inviting to new emerging readers. A Parent's Guide is included.,,Reading,yes,instock,yes,1,1,3,4,5,none,,visible,no,fancy_nancy_s_fantastic_phonics_1.jpg,,open,open,,,dirkhonda
1084,public,Find & Count Colors,Hape,1,find_count_colors_2.jpg,"Colors, Counting",,Language Arts,yes,instock,yes,1,1,3,4,5,none,,visible,no,find_count_colors_1.jpg,,open,open,,,dirkhonda
1085,public,First 100 Sight Words,Super Duper ,2,first_100_sight_words_2.jpg,Flash Cards,,Language Arts,yes,instock,yes,1,1,3,4,5,none,,visible,no,first_100_sight_words_1.jpg,,open,open,,,dirkhonda
1087,public,Float or Sink,Carson Dellosa,1,float_or_sink_2.jpg|float_or_sink_3.jpg|float_or_sink_4.jpg,Sorting Tools,,Science,yes,instock,yes,1,1,3,4,5,none,,visible,no,float_or_sink_1.jpg,,open,open,,,dirkhonda
1089,public,Fly Guy's Buzz Words Game,Scholastic,2,,Sight Words Game,,Language Arts,yes,instock,yes,1,1,3,4,5,none,,visible,no,fly_guy_s_buzz_words_game_1.jpg,,open,open,,,dirkhonda
1091,public,Food Groups,Carson Dellosa,1,food_groups_2.jpg|food_groups_3.jpg|food_groups_4.jpg,Food Groups,,Science,yes,instock,yes,1,1,3,4,5,none,,visible,no,food_groups_1.jpg,,open,open,,,dirkhonda
1092,public,Football Folly Compare & Contrast,Lakeshore Learning,1,football_folly_compare_contrast_2.jpg|football_folly_compare_contrast_3.jpg,Compare & Contrast,,Language Arts,yes,instock,yes,1,1,3,4,5,none,,visible,no,football_folly_compare_contrast_1.jpg,,open,open,,,dirkhonda
1093,public,Fraction Matchin,Educational Insights,1,,Equivalent Fractions Game,,Math,yes,instock,yes,1,1,3,4,5,none,,visible,no,fraction_matchin_1.jpg,,open,open,,,dirkhonda
1094,public,Fraction Pizzeria,Carson Dellosa,1,fraction_pizzeria_2.jpg|fraction_pizzeria_3.jpg,Fractions Game,,Math,yes,instock,yes,1,1,3,4,5,none,,visible,no,fraction_pizzeria_1.jpg,,open,open,,,dirkhonda
1095,public,Fractions,Lakeshore Learning,1,fractions_2.jpg,Fraction Puzzles,,Math,yes,instock,yes,1,1,3,4,5,none,,visible,no,fractions_1.jpg,,open,open,,,dirkhonda
1096,public,Fractions Bingo,Trend Enterprises,2,fractions_bingo_2.jpg|fractions_bingo_3.jpg,Fractions,,Math,yes,instock,yes,1,1,3,4,5,none,,visible,no,fractions_bingo_1.jpg,,open,open,,,dirkhonda
1099,public,Friends & Neighbors,Peaceable Kingdom,1,friends_neighbors_2.jpg,Social Skills,,Social Skills,yes,instock,yes,1,1,3,4,5,none,,visible,no,friends_neighbors_1.jpg,,open,open,,,dirkhonda
1100,public,Frog Pond Fractions,Trend Enterprises,2,frog_pond_fractions_2.jpg,Fractions Game,,Math,yes,instock,yes,1,1,3,4,5,none,,visible,no,frog_pond_fractions_1.jpg,,open,open,,,dirkhonda
1102,public,Get in The Picture,Learning Resources,1,,Reading Comprehension,,Language Arts,yes,instock,yes,1,1,3,4,5,none,,visible,no,get_in_the_picture_1.jpg,,open,open,,,dirkhonda
1103,public,Get Ready to Read Toddler Milestones,Leap Frog,1,get_ready_to_read_toddler_milestones_2.jpg,Social Skills,,Language Arts,yes,instock,yes,1,1,3,4,5,none,,visible,no,get_ready_to_read_toddler_milestones_1.jpg,,open,open,,,dirkhonda
1104,public,Grab & Play Game Native Americans,Lakeshore Learning,1,grab_play_game_native_americans_2.jpg,Card Game,,Reading,yes,instock,yes,1,1,3,4,5,none,,visible,no,grab_play_game_native_americans_1.jpg,,open,open,,,dirkhonda
1105,public,Grandma's Trunk,Educational Insights,1,,alphabet,,Language Arts,yes,instock,yes,1,1,3,4,5,none,,visible,no,grandma_s_trunk_1.jpg,,open,open,,,dirkhonda
1106,public,Graphing Learning Center,Lakeshore Learning,1,graphing_learning_center_2.jpg,Graphing,,Math,yes,instock,yes,1,1,3,4,5,none,,visible,no,graphing_learning_center_1.jpg,,open,open,,,dirkhonda
1107,public,Greater Gator Answer Boards,Learning Resources,1,greater_gator_answer_boards_2.jpg,Number Value,,Math,yes,instock,yes,1,1,3,4,5,none,,visible,no,greater_gator_answer_boards_1.jpg,,open,open,,,dirkhonda
1108,public,Hands on Regrouping Kit Subtraction,Lakeshore Learning,1,hands_on_regrouping_kit_subtraction_2.jpg,,,Math,yes,instock,yes,1,1,3,4,5,none,,visible,no,hands_on_regrouping_kit_subtraction_1.jpg,,open,open,,,dirkhonda
1109,public,Hello Kitty Phonics Fun,Scholastic,1,hello_kitty_phonics_fun_2.jpg,12 Books,,Reading,yes,instock,yes,1,1,3,4,5,none,,visible,no,hello_kitty_phonics_fun_1.jpg,,open,open,,,dirkhonda
1110,public,Hi Ho Cherry-o,Hasbro,1,hi_ho_cherry_o_2.jpg,Counting Game,,Math,yes,instock,yes,1,1,3,4,5,none,,visible,no,hi_ho_cherry_o_1.jpg,,open,open,,,dirkhonda
1111,public,Hidden Hints,Learning Resources,1,hidden_hints_2.jpg,Context Clues Game,,Language Arts,yes,instock,yes,1,1,3,4,5,none,,visible,no,hidden_hints_1.jpg,,open,open,,,dirkhonda
1112,public,History of The United States Game,Professor Noggin's,1,history_of_the_united_states_game_2.jpg|history_of_the_united_states_game_3.jpg,Card Game,,Reading,yes,instock,yes,1,1,3,4,5,none,,visible,no,history_of_the_united_states_game_1.jpg,,open,open,,,dirkhonda
1115,public,Hot Dots Jr. Ultimate Science Facts,Hot Dots,1,hot_dots_jr_ultimate_science_facts_2.jpg,"Space, Dinosaurs, Sharks",,Science,yes,instock,yes,1,1,3,4,5,none,,visible,no,hot_dots_jr_ultimate_science_facts_1.jpg,,open,open,,,dirkhonda
1117,public,Hot Dots Let's Master Grade 1 Math,Hot Dots,1,hot_dots_let_s_master_grade_1_math_2.jpg|hot_dots_let_s_master_grade_1_math_3.jpg|hot_dots_let_s_master_grade_1_math_4.jpg,,,Math,yes,instock,yes,1,1,3,4,5,none,,visible,no,hot_dots_let_s_master_grade_1_math_1.jpg,,open,open,,,dirkhonda
1118,public,Hot Dots Let's Master Grade 3 Math,Hot Dots,1,hot_dots_let_s_master_grade_3_math_2.jpg|hot_dots_let_s_master_grade_3_math_3.jpg,Comes with Hot Dots Pen,,Math,yes,instock,yes,1,1,3,4,5,none,,visible,no,hot_dots_let_s_master_grade_3_math_1.jpg,,open,open,,,dirkhonda
1122,public,Human Skeleton Bingo,Learning Resources,1,human_skeleton_bingo_2.jpg,Human Skeleton,,Science,yes,instock,yes,1,1,3,4,5,none,,visible,no,human_skeleton_bingo_1.jpg,,open,open,,,dirkhonda
1126,public,I Have Who Has Card Game,Crusader Education,1,i_have_who_has_card_game_2.jpg|i_have_who_has_card_game_3.jpg,,,Math,yes,instock,yes,1,1,3,4,5,none,,visible,no,i_have_who_has_card_game_1.jpg,,open,open,,,dirkhonda
1127,public,I sea 10,Learning Resources,1,i_sea_10_2.jpg,,,Math,yes,instock,yes,1,1,3,4,5,none,,visible,no,i_sea_10_1.jpg,,open,open,,,dirkhonda
1128,public,Inchimals,Fat Brain Toys,1,inchimals_2.jpg,Measuring,,Math,yes,instock,yes,1,1,3,4,5,none,,visible,no,inchimals_1.jpg,,open,open,,,dirkhonda
1129,public,Inflatable Globe,Teaching Tree,2,,,,Geography,yes,instock,yes,1,1,3,4,5,none,,visible,no,inflatable_globe_1.jpg,,open,open,,,dirkhonda
1130,public,Kabam,Educational Insights,1,kabam_2.jpg|kabam_3.jpg,Word Game,,Language Arts,yes,instock,yes,1,1,3,4,5,none,,visible,no,kabam_1.jpg,,open,open,,,dirkhonda
1132,public,Language Arts Task Cards Write on Wipe Off,Carson Dellosa,2,language_arts_task_cards_write_on_wipe_off_2.jpg|language_arts_task_cards_write_on_wipe_off_3.jpg|language_arts_task_cards_write_on_wipe_off_4.jpg,50 Write on/Wipe Off Task Cards,,Language Arts,yes,instock,yes,1,1,3,4,5,none,,visible,no,language_arts_task_cards_write_on_wipe_off_1.jpg,,open,open,,,dirkhonda
1131,public,Language Center,Lakeshore Learning,2,language_center_2.jpg|language_center_3.jpg,Complete Different Literacy Tasks on Wipe off Boards,,Language Arts,yes,instock,yes,1,1,3,4,5,none,,visible,no,language_center_1.jpg,,open,open,,,dirkhonda
1133,public,Launch & Match Game,Lakeshore Learning,2,launch_match_game_2.jpg,Comparing Number Values Game,,Math,yes,instock,yes,1,1,3,4,5,none,,visible,no,launch_match_game_1.jpg,,open,open,,,dirkhonda
1134,public,Leap Reader Reading & Writing System,Leap Reader Reading & Writing System,3,leap_reader_reading_writing_system_2.jpg|leap_reader_reading_writing_system_3.jpg|leap_reader_reading_writing_system_4.jpg,"Writing, Early Reading",,Language Arts,yes,instock,yes,1,1,3,4,5,none,,visible,no,leap_reader_reading_writing_system_1.jpg,,open,open,,,dirkhonda
1135,public,Leaping Blends and Digraphs,Carson Dellosa,1,leaping_blends_and_digraphs_2.jpg|leaping_blends_and_digraphs_3.jpg,Blends and Digraphs,,Language Arts,yes,instock,yes,1,1,3,4,5,none,,visible,no,leaping_blends_and_digraphs_1.jpg,,open,open,,,dirkhonda
1137,public,Lego City Phonics,Scholastic,1,lego_city_phonics_2.jpg,10 Books 2 Work Books,,Reading,yes,instock,yes,1,1,3,4,5,none,,visible,no,lego_city_phonics_1.jpg,,open,open,,,dirkhonda
1139,public,Let's Master Kindergarten Math,Hot Dots,1,let_s_master_kindergarten_math_2.jpg,Comes with Pen,,Math,yes,instock,yes,1,1,3,4,5,none,,visible,no,let_s_master_kindergarten_math_1.jpg,,open,open,,,dirkhonda
1140,public,Let's Master Pre-K Math,Hot Dots,1,let_s_master_pre_k_math_2.jpg,Comes with Pen,,Math,yes,instock,yes,1,1,3,4,5,none,,visible,no,let_s_master_pre_k_math_1.jpg,,open,open,,,dirkhonda
1142,public,Let's Play Now I'm Reading,Nora Gaydos,1,let_s_play_now_i_m_reading_2.jpg,"Set of 10 books, Level 1 Beginner",,Reading,yes,instock,yes,1,1,3,4,5,none,,visible,no,let_s_play_now_i_m_reading_1.jpg,,open,open,,,dirkhonda
1138,public,Let The Show Begin,Carson Dellosa,1,let_the_show_begin_2.jpg,Identify Beginning Sounds,,Language Arts,yes,instock,yes,1,1,3,4,5,none,,visible,no,let_the_show_begin_1.jpg,,open,open,,,dirkhonda
1143,public,Letter Factory Flash Cards,Leap Frog,3,letter_factory_flash_cards_2.jpg,Alphabet,,Language Arts,yes,instock,yes,1,1,3,4,5,none,,visible,no,letter_factory_flash_cards_1.jpg,,open,open,,,dirkhonda
1144,public,Life Cycle of a Butterfly,Carson Dellosa,1,life_cycle_of_a_butterfly_2.jpg|life_cycle_of_a_butterfly_3.jpg|life_cycle_of_a_butterfly_4.jpg,Life Cycle of a Butterfly,,Science,yes,instock,yes,1,1,3,4,5,none,,visible,no,life_cycle_of_a_butterfly_1.jpg,,open,open,,,dirkhonda
1146,public,Linkology Card Game - Solar System,Learning Resources,2,linkology_card_game_solar_system_2.jpg,Solar System,,Science,yes,instock,yes,1,1,3,4,5,none,,visible,no,linkology_card_game_solar_system_1.jpg,,open,open,,,dirkhonda
1151,public,Living & Non Living,Carson Dellosa,1,living_non_living_2.jpg|living_non_living_3.jpg|living_non_living_4.jpg,Living & Non Living,,Science,yes,instock,yes,1,1,3,4,5,none,,visible,no,living_non_living_1.jpg,,open,open,,,dirkhonda
1152,public,Look What I can Do Game Set,Lakeshore Learning,1,look_what_i_can_do_game_set_2.jpg,"Memory Match, Rhyming, 3 In a Row",,,yes,instock,yes,1,1,3,4,5,none,,visible,no,look_what_i_can_do_game_set_1.jpg,,open,open,,,dirkhonda
1154,public,Mad Dragon,Therapy Games HQ,1,mad_dragon_2.jpg,An Anger Control Game,,Social Skills,yes,instock,yes,1,1,3,4,5,none,,visible,no,mad_dragon_1.jpg,,open,open,,,dirkhonda
1155,public,Magic School Bus Phonics Reading,Scholastic,1,magic_school_bus_phonics_reading_2.jpg,Reading,,Reading,yes,instock,yes,1,1,3,4,5,none,,visible,no,magic_school_bus_phonics_reading_1.jpg,,open,open,,,dirkhonda
1156,public,Magnetic Sound Sorting Ending Sounds,Lakeshore Learning,1,magnetic_sound_sorting_ending_sounds_2.jpg,Ending Sounds,,Language Arts,yes,instock,yes,1,1,3,4,5,none,,visible,no,magnetic_sound_sorting_ending_sounds_1.jpg,,open,open,,,dirkhonda
1157,public,Main Idea Activity,Lakeshore Learning,1,main_idea_activity_2.jpg|main_idea_activity_3.jpg|main_idea_activity_4.jpg,"Being able to properly identify and summarize the main idea of a text is a critical skill. This set includes 3 activities that will firmly develop this ability. Materials needed include paper, pencil, crayon or markers, scissors and  glue.",,Language Arts,yes,instock,yes,1,1,3,4,5,none,,visible,no,main_idea_activity_1.jpg,,open,open,,,dirkhonda
1158,public,Making Connections Activity,Lakeshore Learning,1,making_connections_activity_2.jpg|making_connections_activity_3.jpg|making_connections_activity_4.jpg,"Making connections includes a child's ability to compare how something in the text relates to your own experiences, information you may have from other texts or events in the world. This set includes 3 hands on activities.  Materials needed include pencil, paper, a lunch bag, glue or tape, pens or crayons.",,Language Arts,yes,instock,yes,1,1,3,4,5,none,,visible,no,making_connections_activity_1.jpg,,open,open,,,dirkhonda
1159,public,Making Inferences Activity,Lakeshore Learning,1,making_inferences_activity_2.jpg|making_inferences_activity_3.jpg|making_inferences_activity_4.jpg,"Teach your child the skills to be a great text detective while they learn about making inferences regarding what an author is saying even when it is not directly stated in the text.  This set includes 3 activities that will create hands on, visual displays of their understanding if the making inferences concept.  Materials needed include paper, scissors, crayons and a pencil.",,Language Arts,yes,instock,yes,1,1,3,4,5,none,,visible,no,making_inferences_activity_1.jpg,,open,open,,,dirkhonda
1160,public,Mall Math,Lakeshore Learning,1,mall_math_2.jpg,"Decimals, Fractions, Percents",,Math,yes,instock,yes,1,1,3,4,5,none,,visible,no,mall_math_1.jpg,,open,open,,,dirkhonda
1162,public,Match the Numbers,Ryan's Room,1,match_the_numbers_2.jpg,1 to 10,,Math,yes,instock,yes,1,1,3,4,5,none,,visible,no,match_the_numbers_1.jpg,,open,open,,,dirkhonda
1163,public,Math Madness Independent Readers,Nora Gaydos,1,math_madness_independent_readers_2.jpg,"Set of 10 books, Independent ",,Reading|Math,yes,instock,yes,1,1,3,4,5,none,,visible,no,math_madness_independent_readers_1.jpg,,open,open,,,dirkhonda
1164,public,Math Slam,Educational Insights,4,math_slam_2.jpg|math_slam_3.jpg,"addition, subtraction, algebra",,Math,yes,instock,yes,1,1,3,4,5,none,,visible,no,math_slam_1.jpg,,open,open,,,dirkhonda
1165,public,Math Task Cards Write on Wipe Off,Carson Dellosa,2,math_task_cards_write_on_wipe_off_2.jpg|math_task_cards_write_on_wipe_off_3.jpg|math_task_cards_write_on_wipe_off_4.jpg,50 Write on/Wipe Off Task Cards,,Math,yes,instock,yes,1,1,3,4,5,none,,visible,no,math_task_cards_write_on_wipe_off_1.jpg,,open,open,,,dirkhonda
1172,public,Mini Geosolids,Learning Resources,1,mini_geosolids_2.jpg,Shapes and Shape Properties,,Math,yes,instock,yes,1,1,3,4,5,none,,visible,no,mini_geosolids_1.jpg,,open,open,,,dirkhonda
1173,public,Mini Muffin Match Up,Learning Resources,1,mini_muffin_match_up_2.jpg,"Counting, Sorting, Dexterity",,Math,yes,instock,yes,1,1,3,4,5,none,,visible,no,mini_muffin_match_up_1.jpg,,open,open,,,dirkhonda
1174,public,Missing Number Fun,Carson Dellosa,2,,0-30,,Math,yes,instock,yes,1,1,3,4,5,none,,visible,no,missing_number_fun_2.jpg,,open,open,,,dirkhonda
1175,public,Money Bags,Learning Resources,2,money_bags_2.jpg,Coin Counting Game,,Math,yes,instock,yes,1,1,3,4,5,none,,visible,no,money_bags_1.jpg,,open,open,,,dirkhonda
1176,public,Mr. Wiggle Counters,Ideal,1,,"Counting, Classifying, Colors, Patterns",,Math,yes,instock,yes,1,1,3,4,5,none,,visible,no,mr_wiggle_counters_1.jpg,,open,open,,,dirkhonda
1179,public,Multiplication Slam,Educational Insights,2,multiplication_slam_2.jpg,Electronic Multiplication Game,,Math,yes,instock,yes,1,1,3,4,5,none,,visible,no,multiplication_slam_1.jpg,,open,open,,,dirkhonda
1181,public,My First Clock,Ravensburger,1,my_first_clock_2.jpg,Telling Time Game,,Math,yes,instock,yes,1,1,3,4,5,none,,visible,no,my_first_clock_1.jpg,,open,open,,,dirkhonda
1183,public,My Little Pony Phonics Box,Scholastic,1,my_little_pony_phonics_box_2.jpg,"This My Little Pony Phonics set includes 12 stories with a focus on short and long vowel sounds that assist the kids in identifying the auditory difference between the two.  This skill will become valuable as they understand how words are spelled and decoded.  We recommend that a parent reads these stories to their child first, asking the child to simply identify if a main word is an example of a short or long vowel sound.  The main words are not high frequency words, but again used to illustrate long or short vowel sounds therefore some early readers may become frustrated if they think they are supposed to recognize the words.  Make sure they know that is not the skill you are working on. ",,Reading,yes,instock,yes,1,1,3,4,5,none,,visible,no,my_little_pony_phonics_box_1.jpg,,open,open,,,dirkhonda
1184,public,My Own Laptop Blue,Leap Frog,1,my_own_laptop_blue_2.jpg|my_own_laptop_blue_3.jpg|my_own_laptop_blue_4.jpg|my_own_laptop_blue_5.jpg,Alphabet,,Language Arts,yes,instock,yes,1,1,3,4,5,none,,visible,no,my_own_laptop_blue_1.jpg,,open,open,,,dirkhonda
1185,public,My Own Laptop Pink,Leap Frog,1,,Alphabet,,Language Arts,yes,instock,yes,1,1,3,4,5,none,,visible,no,my_own_laptop_pink_1.jpg,,open,open,,,dirkhonda
1187,public,National Geographic Sight Word Books,Scholastic,2,national_geographic_sight_word_books_2.jpg,"Your child will love the chance to identify new sight words in this highly visual 12 set of books which features stories about all the animals they adore.  This set is also a great reader for new emerging readers that are still fond of the one sentence structure per page, but are working on sounding out and new words.  A Parent's Guide is included.",,Reading,yes,instock,yes,1,1,3,4,5,none,,visible,no,national_geographic_sight_word_books_1.jpg,,open,open,,,dirkhonda
1188,public,Now I'm Reading- Level 1  - Big Fun,Nora Gaydos,1,now_i_m_reading_level_1_big_fun_2.jpg,Level 1,,Reading,yes,instock,yes,1,1,3,4,5,none,,visible,no,now_i_m_reading_level_1_big_fun_1.jpg,,open,open,,,dirkhonda
1189,public,Now I'm Reading- Level 1  - Playful Pals,Nora Gaydos,1,now_i_m_reading_level_1_playful_pals_2.jpg,Level 1,,Reading,yes,instock,yes,1,1,3,4,5,none,,visible,no,now_i_m_reading_level_1_playful_pals_1.jpg,,open,open,,,dirkhonda
1190,public,Now I'm Reading- Level 2 - Rhyme Time,Nora Gaydos,1,now_i_m_reading_level_2_rhyme_time_2.jpg,Level 2,,Reading,yes,instock,yes,1,1,3,4,5,none,,visible,no,now_i_m_reading_level_2_rhyme_time_1.jpg,,open,open,,,dirkhonda
1191,public,Now I'm Reading- Pre reader - My World,Nora Gaydos,1,now_i_m_reading_pre_reader_my_world_2.jpg,,,Reading,yes,instock,yes,1,1,3,4,5,none,,visible,no,now_i_m_reading_pre_reader_my_world_1.jpg,,open,open,,,dirkhonda
1192,public,Now I'm Reading- Pre reader - Word Play,Nora Gaydos,1,now_i_m_reading_pre_reader_word_play_2.jpg,"Sight Words, Includes Flash Cards",,Reading,yes,instock,yes,1,1,3,4,5,none,,visible,no,now_i_m_reading_pre_reader_word_play_1.jpg,,open,open,,,dirkhonda
1193,public,Number Pops,Learning Resources,1,number_pops_2.jpg,Counting,,Math,yes,instock,yes,1,1,3,4,5,none,,visible,no,number_pops_1.jpg,,open,open,,,dirkhonda
1196,public,Nutrition Center,Lakeshore Learning,1,nutrition_center_2.jpg,Food Groups,,Science,yes,instock,yes,1,1,3,4,5,none,,visible,no,nutrition_center_1.jpg,,open,open,,,dirkhonda
1197,public,Objects in Space,Carson Dellosa,1,objects_in_space_2.jpg|objects_in_space_3.jpg|objects_in_space_4.jpg,Objects in Space,,Science,yes,instock,yes,1,1,3,4,5,none,,visible,no,objects_in_space_1.jpg,,open,open,,,dirkhonda
1198,public,Objects That Melt,Carson Dellosa,1,objects_that_melt_2.jpg|objects_that_melt_3.jpg|objects_that_melt_4.jpg,Objects That Melt,,Science,yes,instock,yes,1,1,3,4,5,none,,visible,no,objects_that_melt_1.jpg,,open,open,,,dirkhonda
1199,public,Operations,Lakeshore Learning,1,operations_2.jpg,Equivalency Puzzles,,Math,yes,instock,yes,1,1,3,4,5,none,,visible,no,operations_1.jpg,,open,open,,,dirkhonda
1200,public,Parts of a Plant,Carson Dellosa,1,parts_of_a_plant_2.jpg|parts_of_a_plant_3.jpg|parts_of_a_plant_4.jpg,Parts of a plant,,Science,yes,instock,yes,1,1,3,4,5,none,,visible,no,parts_of_a_plant_1.jpg,,open,open,,,dirkhonda
1201,public,Parts of the Body,Carson Dellosa,1,parts_of_the_body_2.jpg|parts_of_the_body_3.jpg|parts_of_the_body_4.jpg,Parts of the Body,,Science,yes,instock,yes,1,1,3,4,5,none,,visible,no,parts_of_the_body_1.jpg,,open,open,,,dirkhonda
1202,public,Pattern Safari,Carson Dellosa,2,pattern_safari_2.jpg,Patterns,,Math,yes,instock,yes,1,1,3,4,5,none,,visible,no,pattern_safari_1.jpg,,open,open,,,dirkhonda
1203,public,Paw Patrol Step Into Reading Set,Step Into Reading,1,paw_patrol_step_into_reading_set_2.jpg,"Join the Paw Patrol Pack as they race from one adventure to another in this 12 book set.  The books do review the short and long vowel sounds, but this set is also ideal for new readers that are fond of the one sentence per page format. A Parent's Guide is included.",,Reading,yes,instock,yes,1,1,3,4,5,none,,visible,no,paw_patrol_step_into_reading_set_1.jpg,,open,open,,,dirkhonda
1204,public,Pet Counters,Learning Resources,1,,"Counting, Sorting, Patterns",,Math,yes,instock,yes,1,1,3,4,5,none,,visible,no,pet_counters_1.jpg,,open,open,,,dirkhonda
1206,public,Phonics Reading First Activity Center,Lakeshore Learning,1,phonics_reading_first_activity_center_2.jpg|phonics_reading_first_activity_center_3.jpg|phonics_reading_first_activity_center_4.jpg,Phonics Skill Building,,Language Arts,yes,instock,yes,1,1,3,4,5,none,,visible,no,phonics_reading_first_activity_center_1.jpg,,open,open,,,dirkhonda
1208,public,Phonological Awareness Flash Cards,Junior Learning,2,,,,Language Arts,yes,instock,yes,1,1,3,4,5,none,,visible,no,phonological_awareness_flash_cards_1.jpg,,open,open,,,dirkhonda
1210,public,Photo Opposites,Lauri,1,photo_opposites_2.jpg|photo_opposites_3.jpg,Opposites,,Language Arts,yes,instock,yes,1,1,3,4,5,none,,visible,no,photo_opposites_1.jpg,,open,open,,,dirkhonda
1211,public,Picnic Addition,Carson Dellosa,1,picnic_addition_2.jpg|picnic_addition_3.jpg,Addition Skills Game,,Math,yes,instock,yes,1,1,3,4,5,none,,visible,no,picnic_addition_1.jpg,,open,open,,,dirkhonda
1212,public,Picnic Invaders Addition Challenge,Lakeshore Learning,1,picnic_invaders_addition_challenge_2.jpg,Addition,,Math,yes,instock,yes,1,1,3,4,5,none,,visible,no,picnic_invaders_addition_challenge_1.jpg,,open,open,,,dirkhonda
1213,public,Picture Words Bingo,Lakeshore Learning,1,picture_words_bingo_2.jpg|picture_words_bingo_3.jpg,,,,yes,instock,yes,1,1,3,4,5,none,,visible,no,picture_words_bingo_1.jpg,,open,open,,,dirkhonda
1214,public,Pinkalicious I Can Read Phonics Set,Scholastic,5,pinkalicious_i_can_read_phonics_set_2.jpg,"Delight in a world of fun with Pinkalicious in this 12 story collection with a focus on short and long vowel sounds that assist the kids in identifying the auditory difference between the two.  This skill will become valuable as they understand how words are spelled and decoded.  We recommend that a parent reads these stories to their child first, asking the child to simply identify if a main word is an example of a short or long vowel sound.  This set is also ideal for early readers that still prefer a one sentence per page format.",,Reading,yes,instock,yes,1,1,3,4,5,none,,visible,no,pinkalicious_i_can_read_phonics_set_1.jpg,,open,open,,,dirkhonda
1215,public,Pizza Fraction Bingo,Learning Resources,1,,Fractions ,,Math,yes,instock,yes,1,1,3,4,5,none,,visible,no,pizza_fraction_bingo_2.jpg,,open,open,,,dirkhonda
1216,public,Pizza Fraction Fun,Learning Resources,1,pizza_fraction_fun_2.jpg,fractions and Adding & Subtracting Fractions,,Math,yes,instock,yes,1,1,3,4,5,none,,visible,no,pizza_fraction_fun_1.jpg,,open,open,,,dirkhonda
1217,public,Place Value Bingo,Trend Enterprises,1,place_value_bingo_2.jpg|place_value_bingo_3.jpg,Place Value,,Math,yes,instock,yes,1,1,3,4,5,none,,visible,no,place_value_bingo_1.jpg,,open,open,,,dirkhonda
1219,public,Place Value Rods,Learning Resources,1,place_value_rods_2.jpg,Place Value,,Math,yes,instock,yes,1,1,3,4,5,none,,visible,no,place_value_rods_1.jpg,,open,open,,,dirkhonda
1220,public,Plants Bingo,Lakeshore Learning,2,plants_bingo_2.jpg|plants_bingo_3.jpg,"Plant Life Cycle, vocab, plant features characteristics",,Science,yes,instock,yes,1,1,3,4,5,none,,visible,no,plants_bingo_1.jpg,,open,open,,,dirkhonda
1221,public,Pop & Win Math Game,Lakeshore Learning,1,pop_win_math_game_2.jpg|pop_win_math_game_3.jpg,"Algebraic Thinking, Fractions, Base 10, Geometry, Measurement",,Math,yes,instock,yes,1,1,3,4,5,none,,visible,no,pop_win_math_game_1.jpg,,open,open,,,dirkhonda
1222,public,Practicing Pragmatics Fun Deck,Super Duper ,2,practicing_pragmatics_fun_deck_2.jpg|practicing_pragmatics_fun_deck_3.jpg|practicing_pragmatics_fun_deck_4.jpg,Manners,,Social Skills,yes,instock,yes,1,1,3,4,5,none,,visible,no,practicing_pragmatics_fun_deck_1.jpg,,open,open,,,dirkhonda
1224,public,Prefixes & Suffixes,Lakeshore Learning,1,prefixes_suffixes_2.jpg|prefixes_suffixes_3.jpg|prefixes_suffixes_4.jpg,Game,,Language Arts,yes,instock,yes,1,1,3,4,5,none,,visible,no,prefixes_suffixes_1.jpg,,open,open,,,dirkhonda
1227,public,Product Parfait,Didax,1,product_parfait_2.jpg,Multiplication Game,,Math,yes,instock,yes,1,1,3,4,5,none,,visible,no,product_parfait_1.jpg,,open,open,,,dirkhonda
1228,public,Pumping Heart Model,Learning Resources,1,pumping_heart_model_2.jpg|pumping_heart_model_3.jpg|pumping_heart_model_4.jpg,Model of Pumping Heart,,Science,yes,instock,yes,1,1,3,4,5,none,,visible,no,pumping_heart_model_1.jpg,,open,open,,,dirkhonda
1229,public,Quizmo Fractions & Decimals,Media Materials,1,quizmo_fractions_decimals_2.jpg|quizmo_fractions_decimals_3.jpg,"Fractions, Decimals",,Math,yes,instock,yes,1,1,3,4,5,none,,visible,no,quizmo_fractions_decimals_1.jpg,,open,open,,,dirkhonda
1230,public,Race to the Treasure,Peaceable Kingdom,1,race_to_the_treasure_2.jpg,Strategy,,Strategy,yes,instock,yes,1,1,3,4,5,none,,visible,no,race_to_the_treasure_1.jpg,,open,open,,,dirkhonda
1233,public,Read & Write Activity Cards,Smart Play,2,read_write_activity_cards_2.jpg|read_write_activity_cards_3.jpg|read_write_activity_cards_4.jpg,Writing numbers and letters - uses wipe off pen,,Language Arts,yes,instock,yes,1,1,3,4,5,none,,visible,no,read_write_activity_cards_1.jpg,,open,open,,,dirkhonda
1000,public, Reading Adventures 1 Cars,Scholastic,1,reading_adventures_1_cars_2.jpg,"This is a Level 1 set of 10 books that features easy to follow storylines for emerging readers.  Your child will enjoy reading about the Cars characters they know and love. You can expect these stories to include one or two sentences per page, simple sentence structure and high frequency word use. ",,Reading,yes,instock,yes,1,1,3,4,5,none,,visible,no,reading_adventures_1_cars_1.jpg,,open,open,,,dirkhonda
1001,public, Reading Adventures 1 Disney Princess,Scholastic,1,reading_adventures_1_disney_princess_2.jpg,"This is a Level 1 set of 10 books that features easy to follow storylines for emerging readers.  Your child will love exploring with all their favorite Disney Princesses. You can expect these stories to include one or two sentences per page, simple sentence structure and high frequency word use. ",,Reading,yes,instock,yes,1,1,3,4,5,none,,visible,no,reading_adventures_1_disney_princess_1.jpg,,open,open,,,dirkhonda
1002,public, Reading Adventures Pre Reader Mickey Mouse,Scholastic,1,reading_adventures_pre_reader_mickey_mouse_2.jpg,"10 Fun Pre 1 Level Books are included in this set.  Your little one will enjoy exploring with Mickey and his Club House friends while benefiting from easy to read print, supportive illustrations and repetitive, high frequency words. ",,Reading,yes,instock,yes,1,1,3,4,5,none,,visible,no,reading_adventures_pre_reader_mickey_mouse_1.jpg,,open,open,,,dirkhonda
1003,public, Reading Adventures Pre Reader Sofia the 1st,Scholastic,1,reading_adventures_pre_reader_sofia_the_1st_2.jpg,"10 Fun Pre 1 Level Books are included in this set.  Your little one will enjoy exploring with Sofia and her friends while benefiting from easy to read print, supportive illustrations and repetitive, high frequency words. ",,Reading,yes,instock,yes,1,1,3,4,5,none,,visible,no,reading_adventures_pre_reader_sofia_the_1st_1.jpg,,open,open,,,dirkhonda
1235,public,Reading Comprehension Practice Cards,Learning Resources,1,reading_comprehension_practice_cards_2.jpg|reading_comprehension_practice_cards_3.jpg|reading_comprehension_practice_cards_4.jpg|reading_comprehension_practice_cards_5.jpg,Reading Comprehension Practice Cards,,Language Arts,yes,instock,yes,1,1,3,4,5,none,,visible,no,reading_comprehension_practice_cards_1.jpg,,open,open,,,dirkhonda
1236,public,Reading for Details Level 1,Edupress,2,reading_for_details_level_1_2.jpg|reading_for_details_level_1_3.jpg,Reading Comprehension Practice Cards,,Language Arts,yes,instock,yes,1,1,3,4,5,none,,visible,no,reading_for_details_level_1_1.jpg,,open,open,,,dirkhonda
1239,public,Reading Informational Text Center,Lakeshore Learning,1,reading_informational_text_center_2.jpg,,,Language Arts,yes,instock,yes,1,1,3,4,5,none,,visible,no,reading_informational_text_center_1.jpg,,open,open,,,dirkhonda
1240,public,"Ready, Set, Skip Count",Carson Dellosa,1,ready_set_skip_count_2.jpg|ready_set_skip_count_3.jpg,"Number Patterns, Skip Counting",,Math,yes,instock,yes,1,1,3,4,5,none,,visible,no,ready_set_skip_count_1.jpg,,open,open,,,dirkhonda
1241,public,Recycling,Carson Dellosa,1,recycling_2.jpg|recycling_3.jpg|recycling_4.jpg,Sort Recycling Materials,,Science,yes,instock,yes,1,1,3,4,5,none,,visible,no,recycling_1.jpg,,open,open,,,dirkhonda
1245,public,Rhyming Words,Lakeshore Learning,1,rhyming_words_2.jpg,Rhyming Words,,Language Arts,yes,instock,yes,1,1,3,4,5,none,,visible,no,rhyming_words_1.jpg,,open,open,,,dirkhonda
1243,public,Ride Along With Addition,Carson Dellosa,1,ride_along_with_addition_2.jpg|ride_along_with_addition_3.jpg,Addition Skills Game,,Math,yes,instock,yes,1,1,3,4,5,none,,visible,no,ride_along_with_addition_1.jpg,,open,open,,,dirkhonda
1246,public,Scribble & Write,Leap Frog,1,scribble_write_2.jpg,"Handwriting Letter, Numbers",,Language Arts,yes,instock,yes,1,1,3,4,5,none,,visible,no,scribble_write_1.jpg,,open,open,,,dirkhonda
1248,public,Sequencing Fun Deck,Super Duper ,2,sequencing_fun_deck_2.jpg|sequencing_fun_deck_3.jpg,Sequencing,,Language Arts,yes,instock,yes,1,1,3,4,5,none,,visible,no,sequencing_fun_deck_1.jpg,,open,open,,,dirkhonda
1249,public,Serving Up Numbers,Carson Dellosa,2,serving_up_numbers_2.jpg,1 to 30,,Math,yes,instock,yes,1,1,3,4,5,none,,visible,no,serving_up_numbers_1.jpg,,open,open,,,dirkhonda
1251,public,Shake & Play Word Families,Lakeshore Learning,1,shake_play_word_families_2.jpg,Word Families,,Language Arts,yes,instock,yes,1,1,3,4,5,none,,visible,no,shake_play_word_families_1.jpg,,open,open,,,dirkhonda
1252,public,Shape Adventure,Carson Dellosa,2,,Shapes,,Math,yes,instock,yes,1,1,3,4,5,none,,visible,no,shape_adventure_1.jpg,,open,open,,,dirkhonda
1254,public,Sharks! Phonics,Scholastic,1,sharks_phonics_2.jpg,"Explore the captivating world of Sharks in this collection which features 10 books and  2 workbooks.  This collection focuses on recognizing the sound a recognition of blends in words. Such as sh, ch, th,wh.  Also a fun set for emerging independent readers.",,Reading,yes,instock,yes,1,1,3,4,5,none,,visible,no,sharks_phonics_1.jpg,,open,open,,,dirkhonda
1257,public,Short Vowels,Lakeshore Learning,1,short_vowels_2.jpg|short_vowels_3.jpg,,,Language Arts,yes,instock,yes,1,1,3,4,5,none,,visible,no,short_vowels_1.jpg,,open,open,,,dirkhonda
1258,public,Sight Word Bingo Level 1,Lakeshore Learning,2,sight_word_bingo_level_1_2.jpg,Sight Words,,Language Arts,yes,instock,yes,1,1,3,4,5,none,,visible,no,sight_word_bingo_level_1_1.jpg,,open,open,,,dirkhonda
1259,public,Sight Word Memory Match Level 1,Lakeshore Learning,1,sight_word_memory_match_level_1_2.jpg,Memory Match Game,,Language Arts,yes,instock,yes,1,1,3,4,5,none,,visible,no,sight_word_memory_match_level_1_1.jpg,,open,open,,,dirkhonda
1260,public,Sight Word Slap,Nora Gaydos,1,sight_word_slap_2.jpg|sight_word_slap_3.jpg,"Sight Words, Game",,Reading,yes,instock,yes,1,1,3,4,5,none,,visible,no,sight_word_slap_1.jpg,,open,open,,,dirkhonda
1264,public,Sight Words Splat,Edupress,1,sight_words_splat_2.jpg,,,Language Arts,yes,instock,yes,1,1,3,4,5,none,,visible,no,sight_words_splat_1.jpg,,open,open,,,dirkhonda
1265,public,Simply Science Independent Readers,Nora Gaydos,1,simply_science_independent_readers_2.jpg,"Set of 10 books, Independent ",,Reading|Science,yes,instock,yes,1,1,3,4,5,none,,visible,no,simply_science_independent_readers_1.jpg,,open,open,,,dirkhonda
1266,public,Skate Park Rally,Lakeshore Learning,1,skate_park_rally_2.jpg,Predicting Outcomes,,Language Arts,yes,instock,yes,1,1,3,4,5,none,,visible,no,skate_park_rally_1.jpg,,open,open,,,dirkhonda
1268,public,Smurfs Phonics Fun,Scholastic,1,smurfs_phonics_fun_2.jpg,10 Books 2 Work Books,,Reading,yes,instock,yes,1,1,3,4,5,none,,visible,no,smurfs_phonics_fun_1.jpg,,open,open,,,dirkhonda
1269,public,Snack Attack Now I'm Reading,Nora Gaydos,1,snack_attack_now_i_m_reading_2.jpg,"Set of 10 books, Level 2 Beginner",,Reading,yes,instock,yes,1,1,3,4,5,none,,visible,no,snack_attack_now_i_m_reading_1.jpg,,open,open,,,dirkhonda
1270,public,Snap it Up Card Game,Learning Resources,1,snap_it_up_card_game_2.jpg,Addition and Subtraction Card Game,,Math,yes,instock,yes,1,1,3,4,5,none,,visible,no,snap_it_up_card_game_1.jpg,,open,open,,,dirkhonda
1271,public,Snap it Up Word Families,Learning Resources,1,snap_it_up_word_families_2.jpg,Word Families Card Game,,Language Arts,yes,instock,yes,1,1,3,4,5,none,,visible,no,snap_it_up_word_families_1.jpg,,open,open,,,dirkhonda
1272,public,Snap Shots,Learning Resources,2,,Critical Thinking,,Language Arts,yes,instock,yes,1,1,3,4,5,none,,visible,no,snap_shots_2.jpg,,open,open,,,dirkhonda
1273,public,Snug as a Bug in a Rug,Peaceable Kingdom,1,snug_as_a_bug_in_a_rug_2.jpg,"Counting, Colors, Shape, ",,Language Arts,yes,instock,yes,1,1,3,4,5,none,,visible,no,snug_as_a_bug_in_a_rug_1.jpg,,open,open,,,dirkhonda
1274,public,Solids & Liquids,Carson Dellosa,1,solids_liquids_2.jpg|solids_liquids_3.jpg|solids_liquids_4.jpg,Solids & Liquids,,Science,yes,instock,yes,1,1,3,4,5,none,,visible,no,solids_liquids_1.jpg,,open,open,,,dirkhonda
1275,public,Solve & Slide Patterning Board,Lakeshore Learning,1,,Patterns,,Math,yes,instock,yes,1,1,3,4,5,none,,visible,no,solve_slide_patterning_board_1.jpg,,open,open,,,dirkhonda
1276,public,Sorting Tools,Carson Dellosa,1,sorting_tools_2.jpg|sorting_tools_3.jpg|sorting_tools_4.jpg,Sorting Tools,,Science,yes,instock,yes,1,1,3,4,5,none,,visible,no,sorting_tools_1.jpg,,open,open,,,dirkhonda
1279,public,Space Shapes,Carson Dellosa,1,space_shapes_2.jpg|space_shapes_3.jpg,Shape Recognition,,Math,yes,instock,yes,1,1,3,4,5,none,,visible,no,space_shapes_1.jpg,,open,open,,,dirkhonda
1281,public,Speaking & Listening Cards,Edupress,1,speaking_listening_cards_2.jpg|speaking_listening_cards_3.jpg,,,Language Arts,yes,instock,yes,1,1,3,4,5,none,,visible,no,speaking_listening_cards_1.jpg,,open,open,,,dirkhonda
1282,public,Spelling Accelerator Set 2,Smart Tray,1,spelling_accelerator_set_2_2.jpg,Spelling Word Learning Tool,,Language Arts,yes,instock,yes,1,1,3,4,5,none,,visible,no,spelling_accelerator_set_2_1.jpg,,open,open,,,dirkhonda
1283,public,Spongebob Addition & Subtraction Cards,Bendon,2,spongebob_addition_subtraction_cards_2.jpg,Addition and Subtraction Flash Cards,,Math,yes,instock,yes,1,1,3,4,5,none,,visible,no,spongebob_addition_subtraction_cards_1.jpg,,open,open,,,dirkhonda
1284,public,Spongebob Phonics Reading Set,Scholastic,1,spongebob_phonics_reading_set_2.jpg,,,Reading,yes,instock,yes,1,1,3,4,5,none,,visible,no,spongebob_phonics_reading_set_1.jpg,,open,open,,,dirkhonda
1285,public,Squishy Human Body,Edu Science Lab,1,squishy_human_body_2.jpg|squishy_human_body_3.jpg,Interactive Human Body,,Science,yes,instock,yes,1,1,3,4,5,none,,visible,no,squishy_human_body_1.jpg,,open,open,,,dirkhonda
1286,public,Stack Up,Peaceable Kingdom,1,stack_up_2.jpg,"Color, Counting, Balance, Coordination",,Math,yes,instock,yes,1,1,3,4,5,none,,visible,no,stack_up_1.jpg,,open,open,,,dirkhonda
1287,public,Star Wars Phonics,Scholastic,1,star_wars_phonics_2.jpg,10 Books 2 Work Books,,Reading,yes,instock,yes,1,1,3,4,5,none,,visible,no,star_wars_phonics_1.jpg,,open,open,,,dirkhonda
1288,public,Step Into Reading Ninja Turtles Phonics Power,Scholastic,1,step_into_reading_ninja_turtles_phonics_power_2.jpg,Your kids won't resist reading time when these 12 early reader books are around. With a fun short sentence structured format your youngster will love these fun books. This is a pre reader to emerging reader level. Includes a Parent Guide.,,Reading,yes,instock,yes,1,1,3,4,5,none,,visible,no,step_into_reading_ninja_turtles_phonics_power_1.jpg,,open,open,,,dirkhonda
1289,public,Step Into Reading Phonics Fun With Barbie,Scholastic,2,step_into_reading_phonics_fun_with_barbie_2.jpg,12 Books,,Reading,yes,instock,yes,1,1,3,4,5,none,,visible,no,step_into_reading_phonics_fun_with_barbie_1.jpg,,open,open,,,dirkhonda
1290,public,Stone Soup,Peaceable Kingdom,1,stone_soup_2.jpg,Cooperative,,Reading,yes,instock,yes,1,1,3,4,5,none,,visible,no,stone_soup_1.jpg,,open,open,,,dirkhonda
1291,public,Submarine Subtraction,Carson Dellosa,1,submarine_subtraction_2.jpg|submarine_subtraction_3.jpg,Subtraction Skills Game,,Math,yes,instock,yes,1,1,3,4,5,none,,visible,no,submarine_subtraction_1.jpg,,open,open,,,dirkhonda
1292,public,Sum Swamp,Learning Resources,1,sum_swamp_2.jpg,"Addition, Subtraction",,Math,yes,instock,yes,1,1,3,4,5,none,,visible,no,sum_swamp_1.jpg,,open,open,,,dirkhonda
1293,public,Summarizing Activity,Lakeshore Learning,1,summarizing_activity_2.jpg|summarizing_activity_3.jpg|summarizing_activity_4.jpg,"Increase your child's ability to effectively think about what they have read and summarize it in their own words. This requires them to properly identify and understand the significance of main characters, main events, the who, what , when, why and how of the story they have read.  This set includes 3 hands on activities that has your child create a visual display of their understanding of these concepts.  Materials needed include paper, pencils, crayons, glue and a shoe box.",,Language Arts,yes,instock,yes,1,1,3,4,5,none,,visible,no,summarizing_activity_1.jpg,,open,open,,,dirkhonda
1295,public,Super Genius Multiplication 1,Blue Orange,2,super_genius_multiplication_1_2.jpg|super_genius_multiplication_1_3.jpg,Multiplication Game,,Math,yes,instock,yes,1,1,3,4,5,none,,visible,no,super_genius_multiplication_1_1.jpg,,open,open,,,dirkhonda
1296,public,Super Heroes Lego Phonics,Scholastic,1,super_heroes_lego_phonics_2.jpg,"What kid doesn't love a Super Hero adventure? This Phonics set includes 10 stories and 2 fun workbooks.  Each story focuses on short and long vowel sounds that assist the kids in identifying the auditory difference between the two.  This skill will become valuable as they understand how words are spelled and decoded.  We recommend that a parent reads these stories to their child first, asking the child to simply identify if a main word is an example of a short or long vowel sound.  This series features many non-high frequency words in the text as well, so make sure your child understands the skill you are working on is recognizing the sounds of long and short vowels rather than word recognition.  However for young readers looking for a bit of a challenge in the shorter text format this set would also be a fun choice.",,Reading,yes,instock,yes,1,1,3,4,5,none,,visible,no,super_heroes_lego_phonics_1.jpg,,open,open,,,dirkhonda
1298,public,Superman Phonics Fun I Can Read,Scholastic,2,superman_phonics_fun_i_can_read_2.jpg,"You can't go wrong with a Superman adventure? This Phonics set includes 12 stories with a focus on short and long vowel sounds that assist the kids in identifying the auditory difference between the two.  This skill will become valuable as they understand how words are spelled and decoded.  We recommend that a parent reads these stories to their child first, asking the child to simply identify if a main word is an example of a short or long vowel sound.  This series features many non-high frequency words in the text as well, so make sure your child understands the skill you are working on is recognizing the sounds of long and short vowels rather than word recognition.  However for young readers looking for a bit of a challenge in the shorter text format this set would also be a fun choice.",,Reading,yes,instock,yes,1,1,3,4,5,none,,visible,no,superman_phonics_fun_i_can_read_1.jpg,,open,open,,,dirkhonda
1299,public,Synonym & Antonym Swim,Carson Dellosa,1,synonym_antonym_swim_2.jpg|synonym_antonym_swim_3.jpg,synonym & antonym game,,Language Arts,yes,instock,yes,1,1,3,4,5,none,,visible,no,synonym_antonym_swim_1.jpg,,open,open,,,dirkhonda
1300,public,Talking Words Factory Flash Cards,Leap Frog,2,,"Simple Words, Short Vowels, Letter Blends",,Language Arts,yes,instock,yes,1,1,3,4,5,none,,visible,no,talking_words_factory_flash_cards_1.jpg,,open,open,,,dirkhonda
1301,public,The Fairy Game,Peaceable Kingdom,1,the_fairy_game_2.jpg,"Cooperative, Strategy",,Reading,yes,instock,yes,1,1,3,4,5,none,,visible,no,the_fairy_game_1.jpg,,open,open,,,dirkhonda
1302,public,The Long Vowel 500,Carson Dellosa,1,the_long_vowel_500_2.jpg|the_long_vowel_500_3.jpg,Long Vowel Sounds,,Language Arts,yes,instock,yes,1,1,3,4,5,none,,visible,no,the_long_vowel_500_1.jpg,,open,open,,,dirkhonda
1303,public,The Memory Palace,Peaceable Kingdom,1,the_memory_palace_2.jpg,"Story telling, Imagination",,Language Arts,yes,instock,yes,1,1,3,4,5,none,,visible,no,the_memory_palace_1.jpg,,open,open,,,dirkhonda
1304,public,The Sneaky Snacky Squirrel Card Game,Educational Insights,1,the_sneaky_snacky_squirrel_card_game_2.jpg,Colors,,Language Arts,yes,instock,yes,1,1,3,4,5,none,,visible,no,the_sneaky_snacky_squirrel_card_game_1.jpg,,open,open,,,dirkhonda
1305,public,Thinking Mats ,Carson Dellosa,2,thinking_mats_2.jpg|thinking_mats_3.jpg|thinking_mats_4.jpg,,,Language Arts,yes,instock,yes,1,1,3,4,5,none,,visible,no,thinking_mats_1.jpg,,open,open,,,dirkhonda
1332,public,Thinking Mats - Kindergarten - Math,Carson Dellosa,1,thinking_mats_kindergarten_math_2.jpg,"Critical Thinking, Differentiation",,Math,yes,instock,yes,1,1,3,4,5,none,,visible,no,thinking_mats_kindergarten_math_1.jpg,,open,open,,,dirkhonda
1307,public,Three Little Pigs,Smart Games,1,three_little_pigs_2.jpg,Strategy,,Strategy,yes,instock,yes,1,1,3,4,5,none,,visible,no,three_little_pigs_1.jpg,,open,open,,,dirkhonda
1308,public,Tilt & View Science,Learning Resources,1,tilt_view_science_2.jpg|tilt_view_science_3.jpg|tilt_view_science_4.jpg|tilt_view_science_5.jpg,Human Body Facts,,Science,yes,instock,yes,1,1,3,4,5,none,,visible,no,tilt_view_science_1.jpg,,open,open,,,dirkhonda
1310,public,Tonka Phonics Reading Program,Scholastic,1,tonka_phonics_reading_program_2.jpg,"All your child's favorite Construction and Farm Vehicles will come to life in this phonics collection which features 12 books and flash cards.   The books are broken down by which long or short vowel they are focusing on, and the words that represent this concept are bolded for easy identification in the text.  The continuous and consistent use of the specific vowel in question really helps to reinforce the auditory recognition of what the long or short vowel sounds like. This set is also ideal for new readers that are looking for books with easier text, but gets them beyond the one or two sentence structure per page found in other books.",,Reading,yes,instock,yes,1,1,3,4,5,none,,visible,no,tonka_phonics_reading_program_1.jpg,,open,open,,,dirkhonda
1311,public,Touch & Learn Alphabet Fish,Imaginarium Learning,1,touch_learn_alphabet_fish_2.jpg,"Alphabet, Letter Sounds",,Language Arts,yes,instock,yes,1,1,3,4,5,none,,visible,no,touch_learn_alphabet_fish_1.jpg,,open,open,,,dirkhonda
1312,public,Travelin' Ants,Lakeshore Learning,1,travelin_ants_2.jpg|travelin_ants_3.jpg|travelin_ants_4.jpg,A sorting word families game,,Language Arts,yes,instock,yes,1,1,3,4,5,none,,visible,no,travelin_ants_1.jpg,,open,open,,,dirkhonda
1314,public,Understanding Idioms,Lakeshore Learning,1,understanding_idioms_2.jpg|understanding_idioms_3.jpg,Idioms,,Language Arts,yes,instock,yes,1,1,3,4,5,none,,visible,no,understanding_idioms_1.jpg,,open,open,,,dirkhonda
1315,public,Understanding Sentences,Super Duper ,2,understanding_sentences_2.jpg,Infer Sentence Meaning,,Language Arts,yes,instock,yes,1,1,3,4,5,none,,visible,no,understanding_sentences_1.jpg,,open,open,,,dirkhonda
1316,public,United States Jumbo Puzzle Map,Leap Frog,1,united_states_jumbo_puzzle_map_2.jpg,Use Tag Reader Pen to hear state facts,,Geography,yes,instock,yes,1,1,3,4,5,none,,visible,no,united_states_jumbo_puzzle_map_1.jpg,,open,open,,,dirkhonda
1319,public,Verb Flashcards,Junior Learning,2,,"Irregular Verbs, Regular Past Tense, Active & Passive Verbs",,Language Arts,yes,instock,yes,1,1,3,4,5,none,,visible,no,verb_flashcards_1.jpg,,open,open,,,dirkhonda
1320,public,Verb Tense Instant Learning Center,Lakeshore Learning,1,verb_tense_instant_learning_center_2.jpg|verb_tense_instant_learning_center_3.jpg,,,Language Arts,yes,instock,yes,1,1,3,4,5,none,,visible,no,verb_tense_instant_learning_center_1.jpg,,open,open,,,dirkhonda
1321,public,Vibrobot,Thames & Kosmos,1,vibrobot_2.jpg,Science of Vibration,,Science,yes,instock,yes,1,1,3,4,5,none,,visible,no,vibrobot_1.jpg,,open,open,,,dirkhonda
1322,public,Vowel Roller Coaster,Carson Dellosa,1,vowel_roller_coaster_2.jpg,Identify short vowel sounds,,Language Arts,yes,instock,yes,1,1,3,4,5,none,,visible,no,vowel_roller_coaster_1.jpg,,open,open,,,dirkhonda
1323,public,Weather Bingo,Lakeshore Learning,1,weather_bingo_2.jpg|weather_bingo_3.jpg,"Weather vocab, Weather Phenomena, Earth's physical Features",,Science,yes,instock,yes,1,1,3,4,5,none,,visible,no,weather_bingo_1.jpg,,open,open,,,dirkhonda
1324,public,Were Kicking Contractions,Carson Dellosa,1,were_kicking_contractions_2.jpg|were_kicking_contractions_3.jpg,Contractions,,Language Arts,yes,instock,yes,1,1,3,4,5,none,,visible,no,were_kicking_contractions_1.jpg,,open,open,,,dirkhonda
1325,public,What Doesn't Belong? Fun Deck,Super Duper ,3,what_doesn_t_belong_fun_deck_2.jpg|what_doesn_t_belong_fun_deck_3.jpg,Classifying,,Language Arts,yes,instock,yes,1,1,3,4,5,none,,visible,no,what_doesn_t_belong_fun_deck_1.jpg,,open,open,,,dirkhonda
1326,public,Where's Wilma,WCA,1,where_s_wilma_2.jpg,"Graphing, 4 Quadrants",,Math,yes,instock,yes,1,1,3,4,5,none,,visible,no,where_s_wilma_1.jpg,,open,open,,,dirkhonda
1327,public,Wipe Off Task Cards,Carson Dellosa,4,wipe_off_task_cards_2.jpg,,,Math,yes,instock,yes,1,1,3,4,5,none,,visible,no,wipe_off_task_cards_1.jpg,,open,open,,,dirkhonda
1328,public,Word Dominoes,Nora Gaydos,1,word_dominoes_2.jpg|word_dominoes_3.jpg,Word Building Game,,Language Arts,yes,instock,yes,1,1,3,4,5,none,,visible,no,word_dominoes_1.jpg,,open,open,,,dirkhonda
1329,public,Word Family Race,Carson Dellosa,1,word_family_race_2.jpg,Word Families,,Language Arts,yes,instock,yes,1,1,3,4,5,none,,visible,no,word_family_race_1.jpg,,open,open,,,dirkhonda
1330,public,Word Whammer,Leap Frog,2,word_whammer_2.jpg,"Letter Names, Sounds, Word Building",,Language Arts,yes,instock,yes,1,1,3,4,5,none,,visible,no,word_whammer_1.jpg,,open,open,,,dirkhonda
1007,private,ABC&123,Learning Resources,1,,"Alphabet, Numbers and Counting",,Math|Reading,yes,instock,yes,1,1,3,4,5,none,,hidden,no,,,open,open,,,dirkhonda
1008,private,Ace & Kats Interactive Storybook,Hot Dots,1,,Comes with Pen,,Language Arts,yes,instock,yes,1,1,3,4,5,none,,hidden,no,,,open,open,,,dirkhonda
1011,private,Algebra Math Test Rings,Lakeshore Learning,1,,Algebra ,,Math,yes,instock,yes,1,1,3,4,5,none,,hidden,no,,,open,open,,,dirkhonda
1021,private,Are You Listening Jack - I am in Control,Newmark Learning,2,,I am in control of Myself Books ,,Social Skills,yes,instock,yes,1,1,3,4,5,none,,hidden,no,,,open,open,,,dirkhonda
1022,private,Auditory Memory for Details in a Sentence,Super Duper ,2,,Details in a Sentence Flash Cards,,Language Arts,yes,instock,yes,1,1,3,4,5,none,,hidden,no,,,open,open,,,dirkhonda
1026,private,Beginning Sounds Bingo,Lakeshore Learning,1,,,,Language Arts,yes,instock,yes,1,1,3,4,5,none,,hidden,no,,,open,open,,,dirkhonda
1031,private,Blast off,Lakeshore Learning,1,,"Number Patterns, Skip Counting",,Math,yes,instock,yes,1,1,3,4,5,none,,hidden,no,,,open,open,,,dirkhonda
1035,private,Break the Bank,Lakeshore Learning,1,,"Adding Money, Writing Amounts of Money",,Math,yes,instock,yes,1,1,3,4,5,none,,hidden,no,,,open,open,,,dirkhonda
1039,private,Candy Box Math,Lakeshore Learning,1,,"addition, subtraction, Sorting, Counting, Skip Counting",,Math,yes,instock,yes,1,1,3,4,5,none,,hidden,no,,,open,open,,,dirkhonda
1041,private,Cash Bash,Learning Resources,2,,Electronic Money Flash Card Game,,Math,yes,instock,yes,1,1,3,4,5,none,,hidden,no,,,open,open,,,dirkhonda
1046,private,Chant & Sort Vowel Sounds,,1,,,,,yes,instock,yes,1,1,3,4,5,none,,hidden,no,,,open,open,,,dirkhonda
1048,private,Clever Critters Now I'm Reading,Nora Gaydos,1,,"Set of 10 books, Level 1 Advanced",,Reading|Math,yes,instock,yes,1,1,3,4,5,none,,hidden,no,,,open,open,,,dirkhonda
1058,private,Count Your Chickens,Peaceable Kingdom,1,,"Cooperative, Counting ",,Math,yes,instock,yes,1,1,3,4,5,none,,hidden,no,,,open,open,,,dirkhonda
1059,private,Counting & Patterns Bug,Lakeshore Learning,1,,Counting & Patterns,,Math,yes,instock,yes,1,1,3,4,5,none,,hidden,no,,,open,open,,,dirkhonda
1061,private,Critical Thinking Learning Mats,Carson Dellosa,1,,Game Mats to build Critical Thinking ,,Language Arts,yes,instock,yes,1,1,3,4,5,none,,hidden,no,,,open,open,,,dirkhonda
1067,private,Data Analysis Math Test Rings,Lakeshore Learning,1,,Data Analysis and Probability,,Math,yes,instock,yes,1,1,3,4,5,none,,hidden,no,,,open,open,,,dirkhonda
1071,private,Dinosaur Escape Game,Peaceable Kingdom,2,,Counting,,Math,yes,instock,yes,1,1,3,4,5,none,,hidden,no,,,open,open,,,dirkhonda
1073,private,Division Flash Cards,Eeboo,2,,Division Flash Cards,,Math,yes,instock,yes,1,1,3,4,5,none,,hidden,no,,,open,open,,,dirkhonda
1074,private,Dora the Explorer Phonics Reading Set,Scholastic,1,,Reading,,Reading,yes,instock,yes,1,1,3,4,5,none,,hidden,no,,,open,open,,,dirkhonda
1076,private,Engineering Ants,Peaceable Kingdom,1,,Strategy,,Strategy,yes,instock,yes,1,1,3,4,5,none,,hidden,no,,,open,open,,,dirkhonda
1081,private,Fascinating Facts Human Body Game,Lakeshore Learning,1,,Anatomy,,Science,yes,instock,yes,1,1,3,4,5,none,,hidden,no,,,open,open,,,dirkhonda
1082,private,Feed the Woozle,Peaceable Kingdom,1,,Cooperative,,Reading,yes,instock,yes,1,1,3,4,5,none,,hidden,no,,,open,open,,,dirkhonda
1083,private,Fill In The Blank Word Building,Lakeshore Learning,1,,,,Language Arts,yes,instock,yes,1,1,3,4,5,none,,hidden,no,,,open,open,,,dirkhonda
1086,private,Flip A Fish,Lakeshore Learning,1,,Addition Game,,Math,yes,instock,yes,1,1,3,4,5,none,,hidden,no,,,open,open,,,dirkhonda
1088,private,Fluency River,Super Duper ,1,,Fluency,,Language Arts,yes,instock,yes,1,1,3,4,5,none,,hidden,no,,,open,open,,,dirkhonda
1090,private,Food Fight,Edupress,1,,"Fractions, Decimals, Percentages",,Math,yes,instock,yes,1,1,3,4,5,none,,hidden,no,,,open,open,,,dirkhonda
1097,private,Franklin Learner,Franklin,1,,Spelling Word Learning Tool,,Language Arts,yes,instock,yes,1,1,3,4,5,none,,hidden,no,,,open,open,,,dirkhonda
1098,private,Frida's Fruit Fiesta,Educational Insights,1,,Learn Letters,,Language Arts,yes,instock,yes,1,1,3,4,5,none,,hidden,no,,,open,open,,,dirkhonda
1101,private,Geometry Math Test Rings,Lakeshore Learning,1,,Geometry,,Math,yes,instock,yes,1,1,3,4,5,none,,hidden,no,,,open,open,,,dirkhonda
1113,private,Hoot Owl Hoot,Peaceable Kingdom,1,,Colors,,Language Arts,yes,instock,yes,1,1,3,4,5,none,,hidden,no,,,open,open,,,dirkhonda
1114,private,Hot Dots Jr. Colors,Hot Dots,2,,Colors,,Language Arts,yes,instock,yes,1,1,3,4,5,none,,hidden,no,,,open,open,,,dirkhonda
1116,private,Hot Dots Lets Master Grade 1,Hot Dots,1,,,,Math,yes,instock,yes,1,1,3,4,5,none,,hidden,no,,,open,open,,,dirkhonda
1119,private,Hot Dots Reading Cards & pen,Hot Dots,1,,"short vowels, let's read, letter sounds, blends",,Reading,yes,instock,yes,1,1,3,4,5,none,,hidden,no,,,open,open,,,dirkhonda
1120,private,Hot Dots Subtraction,Hot Dots,3,,Subtraction Skills Game,,Math,yes,instock,yes,1,1,3,4,5,none,,hidden,no,,,open,open,,,dirkhonda
1121,private,Human Brain Anatomy,Learning Resources,1,,Brain Anatomy Interactive,,Science,yes,instock,yes,1,1,3,4,5,none,,hidden,no,,,open,open,,,dirkhonda
1123,private,Hundred Boards,Learning Resources,10,,"Skip Counting, 1-100",,Math,yes,instock,yes,1,1,3,4,5,none,,hidden,no,,,open,open,,,dirkhonda
1124,private,I Can Make a Plan - I Believe in Myself,Newmark Learning,2,,I believe in Myself,,Social Skills,yes,instock,yes,1,1,3,4,5,none,,hidden,no,,,open,open,,,dirkhonda
1125,private,I Get Along with Others Book Set,Newmark Learning,1,,Social Skills,,Reading,yes,instock,yes,1,1,3,4,5,none,,hidden,no,,,open,open,,,dirkhonda
1136,private,Learn to Read with Spongebob,Scholastic,1,,"All your child's favorite Sponge Bob characters will come to life in this phonics collection which features 10 books.   The books are broken down by which long or short vowel they are focusing on, and the words that represent this concept are bolded for easy identification in the text.  The continuous and consistent use of the specific vowel in question really helps to reinforce the auditory recognition of what the long or short vowel sounds like. This set is also ideal for new readers that are looking for books with easier text, but gets them beyond the one or two sentence structure per page found in other books.",,Reading,yes,instock,yes,1,1,3,4,5,none,,hidden,no,,,open,open,,,dirkhonda
1141,private,Let's Measure,Imaginarium Learning,1,,Measurement,,Math,yes,instock,yes,1,1,3,4,5,none,,hidden,no,,,open,open,,,dirkhonda
1145,private,Light N Strike Math,Interactive Electronics,3,,Addition Subtraction Multiplication Division Game,,Math,yes,instock,yes,1,1,3,4,5,none,,hidden,no,,,open,open,,,dirkhonda
1147,private,Little Leveled Reader Set A,Scholastic,1,,Reading Level A,,Reading,yes,instock,yes,1,1,3,4,5,none,,hidden,no,,,open,open,,,dirkhonda
1148,private,Little Leveled Reader Set B,Scholastic,1,,Reading Level B,,Reading,yes,instock,yes,1,1,3,4,5,none,,hidden,no,,,open,open,,,dirkhonda
1149,private,Little Leveled Reader Set C,Scholastic,1,,Reading Level C,,Reading,yes,instock,yes,1,1,3,4,5,none,,hidden,no,,,open,open,,,dirkhonda
1150,private,Little Leveled Reader Set D,Scholastic,1,,Reading Level D,,Reading,yes,instock,yes,1,1,3,4,5,none,,hidden,no,,,open,open,,,dirkhonda
1153,private,Lowercase Letters Practice,Lakeshore Learning,1,,Handwriting,,Language Arts,yes,instock,yes,1,1,3,4,5,none,,hidden,no,,,open,open,,,dirkhonda
1161,private,Map of the World,,1,,Map of the World,,Geography,yes,instock,yes,1,1,3,4,5,none,,hidden,no,,,open,open,,,dirkhonda
1166,private,Math Vocabulary Cards,Educational Insights,1,,,,Math,yes,instock,yes,1,1,3,4,5,none,,hidden,no,,,open,open,,,dirkhonda
1167,private,Measure Treasure,Learning Resources,1,,Measurement,,Math,yes,instock,yes,1,1,3,4,5,none,,hidden,no,,,open,open,,,dirkhonda
1168,private,Measurement Math Test Rings,Lakeshore Learning,1,,Measurement Calculations,,Math,yes,instock,yes,1,1,3,4,5,none,,hidden,no,,,open,open,,,dirkhonda
1169,private,Menu Math: Ice Cream Parlor,Remedia Publications,6,,Practice Adding Money by Ordering,,Math,yes,instock,yes,1,1,3,4,5,none,,hidden,no,,,open,open,,,dirkhonda
1170,private,Menu Math: The Hamburger Hut,Remedia Publications,6,,Practice Adding Money by Ordering,,Math,yes,instock,yes,1,1,3,4,5,none,,hidden,no,,,open,open,,,dirkhonda
1171,private,Mermaid Island,Peaceable Kingdom,1,,Cooperative,,Reading,yes,instock,yes,1,1,3,4,5,none,,hidden,no,,,open,open,,,dirkhonda
1177,private,Multiplication Master ,Learning Resources,1,,Electronic Multiplication Flash Card Game,,Math,yes,instock,yes,1,1,3,4,5,none,,hidden,no,,,open,open,,,dirkhonda
1178,private,Multiplication Match,Edupress,1,,Multiplication Facts Game,,Math,yes,instock,yes,1,1,3,4,5,none,,hidden,no,,,open,open,,,dirkhonda
1180,private,Multiplication Snap it Up Game,Learning Resources,2,,Multiplication Game,,Math,yes,instock,yes,1,1,3,4,5,none,,hidden,no,,,open,open,,,dirkhonda
1182,private,My Happy Day - I have Feelings,Newmark Learning,2,,I have Feelings,,Social Skills,yes,instock,yes,1,1,3,4,5,none,,hidden,no,,,open,open,,,dirkhonda
1186,private,National Geographic  Beginning Blends,Scholastic,1,,12 Book Beginning Blends Reading Program,,Reading,yes,instock,yes,1,1,3,4,5,none,,hidden,no,,,open,open,,,dirkhonda
1194,private,Number Riddles,Lakeshore Learning,1,,"Using a number line, ",,Math,yes,instock,yes,1,1,3,4,5,none,,hidden,no,,,open,open,,,dirkhonda
1195,private,Number Stack Pancakes,Learning Resources,1,,Counting,,Math,yes,instock,yes,1,1,3,4,5,none,,hidden,no,,,open,open,,,dirkhonda
1205,private,Phonics Long Vowel Activity Center,Lakeshore Learning,1,,,,Language Arts,yes,instock,yes,1,1,3,4,5,none,,hidden,no,,,open,open,,,dirkhonda
1207,private,Phonogram Flash Cards,Dr. Frys,1,,Word Families,,Language Arts,yes,instock,yes,1,1,3,4,5,none,,hidden,no,,,open,open,,,dirkhonda
1209,private,Phonomic Awareness Accelerator,Smart Tray,1,,Phonics Skill Building,,Language Arts,yes,instock,yes,1,1,3,4,5,none,,hidden,no,,,open,open,,,dirkhonda
1218,private,Place Value Game Show,Lakeshore Learning,1,,Place Value,,Math,yes,instock,yes,1,1,3,4,5,none,,hidden,no,,,open,open,,,dirkhonda
1223,private,Pre Reader More Word Play,Nora Gaydos,1,,Pre Reader Sight Words Game,,Reading,yes,instock,yes,1,1,3,4,5,none,,hidden,no,,,open,open,,,dirkhonda
1225,private,Problem & Solution Activity,Lakeshore Learning,1,,"Many texts include a main character that is working to overcome or solve a problem.  Being able to accurately identify the problem and solution the character has selected is important to enhancing your budding writing skills.  This sets provides 3 hands on activities that help your child develop the skills to identify and summarize the text details effectively.  Materials needed include paper, tape, pencil, crayons or markers and tape.",,Language Arts,yes,instock,yes,1,1,3,4,5,none,,hidden,no,,,open,open,,,dirkhonda
1226,private,Problem Solving Math Test Rings,Lakeshore Learning,1,,General Math Problem Solving,,Math,yes,instock,yes,1,1,3,4,5,none,,hidden,no,,,open,open,,,dirkhonda
1231,private,Read & Rhyme Long Vowels,Carson Dellosa,1,,"Rhyming, Reading",,Language Arts,yes,instock,yes,1,1,3,4,5,none,,hidden,no,,,open,open,,,dirkhonda
1232,private,Read & Rhyme Short Vowels,Carson Dellosa,1,,"Rhyming, Reading",,Language Arts,yes,instock,yes,1,1,3,4,5,none,,hidden,no,,,open,open,,,dirkhonda
1234,private,Reading Comprehension Cards,Smart Play,1,,Story cards with multiple choice comprehension cards,,Language Arts,yes,instock,yes,1,1,3,4,5,none,,hidden,no,,,open,open,,,dirkhonda
1237,private,Reading for Details Level 2,Super Duper ,2,,Reading Comprehension Practice Cards,,Language Arts,yes,instock,yes,1,1,3,4,5,none,,hidden,no,,,open,open,,,dirkhonda
1238,private,Reading for Details Level 3,Super Duper ,2,,Reading Comprehension Practice Cards,,Language Arts,yes,instock,yes,1,1,3,4,5,none,,hidden,no,,,open,open,,,dirkhonda
1242,private,Rhyming Learning Center,Lakeshore Learning,2,,Rhyming Words,,Language Arts,yes,instock,yes,1,1,3,4,5,none,,hidden,no,,,open,open,,,dirkhonda
1244,private,Roll & Build,Lakeshore Learning,1,,Geometry and Shape Game,,Math,yes,instock,yes,1,1,3,4,5,none,,hidden,no,,,open,open,,,dirkhonda
1247,private,Search For Sight Words Level 4,Lakeshore Learning,1,,Sight Words Game,,Language Arts,yes,instock,yes,1,1,3,4,5,none,,hidden,no,,,open,open,,,dirkhonda
1250,private,Set 1 Spelling Accelerator,Smart Tray,1,,Spelling Word Learning Tool,,Language Arts,yes,instock,yes,1,1,3,4,5,none,,hidden,no,,,open,open,,,dirkhonda
1253,private,Shape Finder Cookies,Learning Resources,1,,Shapes,,Reading,yes,instock,yes,1,1,3,4,5,none,,hidden,no,,,open,open,,,dirkhonda
1255,private,Shelby's Snack Shack Game,Peaceable Kingdom,1,,"Counting, Numbers",,Math,yes,instock,yes,1,1,3,4,5,none,,hidden,no,,,open,open,,,dirkhonda
1256,private,Short Vowel Lotto,Learning Resources,1,,,,Language Arts,yes,instock,yes,1,1,3,4,5,none,,hidden,no,,,open,open,,,dirkhonda
1261,private,Sight Words Set 1,Lakeshore Learning,3,,Sight Words,,Language Arts,yes,instock,yes,1,1,3,4,5,none,,hidden,no,,,open,open,,,dirkhonda
1262,private,Sight Words Set 2,Lakeshore Learning,1,,Sight Words,,Language Arts,yes,instock,yes,1,1,3,4,5,none,,hidden,no,,,open,open,,,dirkhonda
1263,private,Sight Words Set 3,Lakeshore Learning,1,,Sight Words,,Language Arts,yes,instock,yes,1,1,3,4,5,none,,hidden,no,,,open,open,,,dirkhonda
1267,private,Skeleton Floor Puzzle,Learning Resources,1,,,,Science,yes,instock,yes,1,1,3,4,5,none,,hidden,no,,,open,open,,,dirkhonda
1277,private,Sound it Out Puzzles,Lakeshore Learning,1,,,,Language Arts,yes,instock,yes,1,1,3,4,5,none,,hidden,no,,,open,open,,,dirkhonda
1278,private,Sound Switchin ,Lakeshore Learning,1,,A Phonemic Awareness Game,,Language Arts,yes,instock,yes,1,1,3,4,5,none,,hidden,no,,,open,open,,,dirkhonda
1280,private,Space Tablet,Smithsonian Kids,1,,Space Exploration,,Science,yes,instock,yes,1,1,3,4,5,none,,hidden,no,,,open,open,,,dirkhonda
1294,private,Sunny Day Pond,Peaceable Kingdom,1,,"Color Matching, Fine Motor",,Social Skills,yes,instock,yes,1,1,3,4,5,none,,hidden,no,,,open,open,,,dirkhonda
1297,private,Super Mind Puzzles,Super Mind,1,,Math Puzzle,,Math,yes,instock,yes,1,1,3,4,5,none,,hidden,no,,,open,open,,,dirkhonda
1306,private,This is Biscuit I can Read Phonics Set,Scholastic,1,,Reading,,Reading,yes,instock,yes,1,1,3,4,5,none,,hidden,no,,,open,open,,,dirkhonda
1309,private,Time Telling Game,Eeboo,1,,Telling Time Game,,Math,yes,instock,yes,1,1,3,4,5,none,,hidden,no,,,open,open,,,dirkhonda
1313,private,U.S. States & Capitals Cube Quiz,Carson Dellosa,1,,,Excerpt Here,Geography,yes,instock,yes,1,1,3,4,5,none,,hidden,no,,,open,open,,,dirkhonda
1317,private,Uppercase Printing Letters,Lakeshore Learning,1,,Handwriting Letter,,Language Arts,yes,instock,yes,1,1,3,4,5,none,,hidden,no,,,open,open,,,dirkhonda
1318,private,USA States & Capitals Bingo,Lakeshore Learning,1,,,,Geography,yes,instock,yes,1,1,3,4,5,none,,hidden,no,,,open,open,,,dirkhonda
1331,private,Writing Sequencing Activity,Lakeshore Learning,1,,"Sequencing and the proper word choice to effectively communicate your sequence of events in writing will be learned through this set of 3 hands on writing activities.  Materials needed include paper, pencil, crayons, and an envelope.",,Language Arts,yes,instock,yes,1,1,3,4,5,none,,hidden,no,,,open,open,,,dirkhonda
